Evidence ID,Role,Observed state,URL (session selectors omitted),CSS width,CSS height,Evaluation,Scope limit,Notes,Screenshot,Image width,Image height
01-landing-desktop,public,hero,https://project-xwrez.vercel.app/,1440,900,Evaluated stated visible state,Stated public state only; lower-page or unrecorded states are not complete coverage.,Discovery interaction/DOM observation; superseded screenshot frames removed.,,,
02-landing-layers,public,folio expanded,https://project-xwrez.vercel.app/,1440,900,Evaluated stated visible state,Stated public state only; lower-page or unrecorded states are not complete coverage.,Discovery interaction/DOM observation; superseded screenshot frames removed.,,,
03-landing-preview-chat,public,sample chat,https://project-xwrez.vercel.app/#workspace,1440,900,Evaluated stated visible state,Stated public state only; lower-page or unrecorded states are not complete coverage.,Discovery interaction/DOM observation; superseded screenshot frames removed.,,,
04-landing-preview-studio,public,sample studio,https://project-xwrez.vercel.app/#workspace,1440,900,Evaluated stated visible state,Stated public state only; lower-page or unrecorded states are not complete coverage.,Discovery interaction/DOM observation; superseded screenshot frames removed.,,,
05-landing-flashcard,public,revealed sample card,https://project-xwrez.vercel.app/#workspace,1440,900,Evaluated stated visible state,Stated public state only; lower-page or unrecorded states are not complete coverage.,Discovery interaction/DOM observation; superseded screenshot frames removed.,,,
06-landing-quiz,public,sample quiz,https://project-xwrez.vercel.app/#workspace,1440,900,Evaluated stated visible state,Stated public state only; lower-page or unrecorded states are not complete coverage.,Discovery interaction/DOM observation; superseded screenshot frames removed.,,,
07-landing-mobile,public,sample quiz responsive,https://project-xwrez.vercel.app/#workspace,390,844,Evaluated stated visible state,Stated public state only; lower-page or unrecorded states are not complete coverage.,Discovery interaction/DOM observation; superseded screenshot frames removed.,,,
08-landing-mobile-hero,public,hero responsive,https://project-xwrez.vercel.app/#workspace,390,844,Evaluated stated visible state,Stated public state only; lower-page or unrecorded states are not complete coverage.,Discovery interaction/DOM observation; superseded screenshot frames removed.,,,
09-landing-tablet,public,hero responsive,https://project-xwrez.vercel.app/?lang=en,768,1024,Evaluated stated visible state,Stated public state only; lower-page or unrecorded states are not complete coverage.,Discovery interaction/DOM observation; superseded screenshot frames removed.,,,
10-landing-laptop,public,hero responsive,https://project-xwrez.vercel.app/?lang=en,1280,800,Evaluated stated visible state,Stated public state only; lower-page or unrecorded states are not complete coverage.,Discovery interaction/DOM observation; superseded screenshot frames removed.,,,
11-login-laptop,public,loaded login,https://project-xwrez.vercel.app/login?lang=en,1280,800,Evaluated stated visible state,"Synthetic entry only; real callbacks, external email and real policy reading untested.",Discovery interaction/DOM observation; superseded screenshot frames removed.,,,
12-login-desktop,public,login,https://project-xwrez.vercel.app/login?lang=en,1440,900,Evaluated stated visible state,"Synthetic entry only; real callbacks, external email and real policy reading untested.",Discovery interaction/DOM observation; superseded screenshot frames removed.,,,
13-register-desktop,public,registration form unsubmitted,https://project-xwrez.vercel.app/register?lang=en&next=%2Flearn,1440,900,Partially evaluated,"Synthetic entry only; real callbacks, external email and real policy reading untested.",Discovery interaction/DOM observation; superseded screenshot frames removed.,,,
14-register-validation,public,empty submit result,https://project-xwrez.vercel.app/register?lang=en&next=%2Flearn,1440,900,Partially evaluated,"Synthetic entry only; real callbacks, external email and real policy reading untested.",Discovery interaction/DOM observation; superseded screenshot frames removed.,,,
15-student-consent,student,consent onboarding,https://project-xwrez.vercel.app/consent?lang=en,1440,900,Evaluated stated visible state,"Synthetic entry only; real callbacks, external email and real policy reading untested.",Discovery interaction/DOM observation; superseded screenshot frames removed.,,,
16-student-shelf-initial,student,loaded shelf,https://project-xwrez.vercel.app/learn?lang=en,1440,900,Evaluated stated visible state,Stated fixture state only; real service behavior and complete accessibility untested.,Discovery interaction/DOM observation; superseded screenshot frames removed.,,,
17-student-shelf,student,configured shelf,https://project-xwrez.vercel.app/learn?lang=en,1440,900,Evaluated stated visible state,Stated fixture state only; real service behavior and complete accessibility untested.,Discovery interaction/DOM observation; superseded screenshot frames removed.,,,
18-student-selected-title,student,subject title activation,https://project-xwrez.vercel.app/learn?lang=en&stage=university&institution=zagazig-university&program=human-medicine&level=human-medicine-year-1&term=human-medicine-year-1-term-1&cohort=zagazig-university-human-medicine-year-1-term-1-cohort&unit=zagazig-university-human-medicine-y1-t1-anatomy,1440,900,Evaluated stated visible state,Stated fixture state only; real service behavior and complete accessibility untested.,Discovery interaction/DOM observation; superseded screenshot frames removed.,,,
19-materials-desktop,student,materials library,https://project-xwrez.vercel.app/learn/zagazig-university-human-medicine-year-1-term-1-cohort/zagazig-university-human-medicine-y1-t1-anatomy?lang=en,1440,900,Evaluated stated visible state,Stated fixture state only; real service behavior and complete accessibility untested.,Discovery interaction/DOM observation; superseded screenshot frames removed.,,,
20-materials-excerpt,student,source excerpt expanded,https://project-xwrez.vercel.app/learn/zagazig-university-human-medicine-year-1-term-1-cohort/zagazig-university-human-medicine-y1-t1-anatomy?lang=en,1440,900,Evaluated stated visible state,Stated fixture state only; real service behavior and complete accessibility untested.,Discovery interaction/DOM observation; superseded screenshot frames removed.,,,
21-chat-empty-desktop,student,chat initial,https://project-xwrez.vercel.app/learn/zagazig-university-human-medicine-year-1-term-1-cohort/zagazig-university-human-medicine-y1-t1-anatomy/chat?lang=en,1440,900,Evaluated stated visible state,Stated fixture state only; real service behavior and complete accessibility untested.,Discovery interaction/DOM observation; superseded screenshot frames removed.,,,
22-chat-sending,student,synthetic sending transition,https://project-xwrez.vercel.app/learn/zagazig-university-human-medicine-year-1-term-1-cohort/zagazig-university-human-medicine-y1-t1-anatomy/chat?lang=en,1440,900,Evaluated stated visible state,Stated fixture state only; real service behavior and complete accessibility untested.,Discovery interaction/DOM observation; superseded screenshot frames removed.,,,
23-chat-answer-desktop,student,supported answer,https://project-xwrez.vercel.app/learn/zagazig-university-human-medicine-year-1-term-1-cohort/zagazig-university-human-medicine-y1-t1-anatomy/chat?lang=en,1440,900,Evaluated stated visible state,Stated fixture state only; real service behavior and complete accessibility untested.,Discovery interaction/DOM observation; superseded screenshot frames removed.,,,
24-chat-mobile,student,supported answer mobile,https://project-xwrez.vercel.app/learn/zagazig-university-human-medicine-year-1-term-1-cohort/zagazig-university-human-medicine-y1-t1-anatomy/chat?lang=en,390,844,Evaluated stated visible state,Stated fixture state only; real service behavior and complete accessibility untested.,Discovery interaction/DOM observation; superseded screenshot frames removed.,,,
25-chat-mobile-top,student,mobile chat header,https://project-xwrez.vercel.app/learn/zagazig-university-human-medicine-year-1-term-1-cohort/zagazig-university-human-medicine-y1-t1-anatomy/chat?lang=en,390,844,Evaluated stated visible state,Stated fixture state only; real service behavior and complete accessibility untested.,Discovery interaction/DOM observation; superseded screenshot frames removed.,,,
26-evidence-mobile,student,exact exchange evidence,https://project-xwrez.vercel.app/learn/zagazig-university-human-medicine-year-1-term-1-cohort/zagazig-university-human-medicine-y1-t1-anatomy/evidence?lang=en,390,844,Evaluated stated visible state,Stated fixture state only; real service behavior and complete accessibility untested.,Discovery interaction/DOM observation; superseded screenshot frames removed.,,,
27-report-mobile,student,report form unsubmitted,https://project-xwrez.vercel.app/learn/zagazig-university-human-medicine-year-1-term-1-cohort/zagazig-university-human-medicine-y1-t1-anatomy/report?lang=en,390,844,Partially evaluated,Visible form and confirmation inspected; no report submitted.,Discovery interaction/DOM observation; superseded screenshot frames removed.,,,
28-studio-initial,student,studio initial,https://project-xwrez.vercel.app/learn/zagazig-university-human-medicine-year-1-term-1-cohort/zagazig-university-human-medicine-y1-t1-anatomy/studio?lang=en,1440,900,Evaluated stated visible state,Flashcards sampled; other generation types and real provider behavior untested.,Discovery interaction/DOM observation; superseded screenshot frames removed.,,,
29-studio-flashcards,student,generated flashcards,https://project-xwrez.vercel.app/learn/zagazig-university-human-medicine-year-1-term-1-cohort/zagazig-university-human-medicine-y1-t1-anatomy/studio?lang=en,1440,900,Evaluated stated visible state,Flashcards sampled; other generation types and real provider behavior untested.,Discovery interaction/DOM observation; superseded screenshot frames removed.,,,
30-studio-flipped,student,keyboard flashcard flip,https://project-xwrez.vercel.app/learn/zagazig-university-human-medicine-year-1-term-1-cohort/zagazig-university-human-medicine-y1-t1-anatomy/studio?lang=en,1440,900,Evaluated stated visible state,Flashcards sampled; other generation types and real provider behavior untested.,Discovery interaction/DOM observation; superseded screenshot frames removed.,,,
31-studio-laptop,student,generated flashcards laptop,https://project-xwrez.vercel.app/learn/zagazig-university-human-medicine-year-1-term-1-cohort/zagazig-university-human-medicine-y1-t1-anatomy/studio?lang=en,1280,800,Evaluated stated visible state,Flashcards sampled; other generation types and real provider behavior untested.,Discovery interaction/DOM observation; superseded screenshot frames removed.,,,
32-studio-tablet,student,generated flashcards tablet,https://project-xwrez.vercel.app/learn/zagazig-university-human-medicine-year-1-term-1-cohort/zagazig-university-human-medicine-y1-t1-anatomy/studio?lang=en,768,1024,Evaluated stated visible state,Flashcards sampled; other generation types and real provider behavior untested.,Discovery interaction/DOM observation; superseded screenshot frames removed.,,,
33-studio-mobile-top,student,studio mobile controls,https://project-xwrez.vercel.app/learn/zagazig-university-human-medicine-year-1-term-1-cohort/zagazig-university-human-medicine-y1-t1-anatomy/studio?lang=en,390,844,Evaluated stated visible state,Flashcards sampled; other generation types and real provider behavior untested.,Discovery interaction/DOM observation; superseded screenshot frames removed.,,,
34-quiz-mobile,student,quiz setup,https://project-xwrez.vercel.app/learn/zagazig-university-human-medicine-year-1-term-1-cohort/zagazig-university-human-medicine-y1-t1-anatomy/quiz?lang=en,390,844,Evaluated stated visible state,Untimed fixed quiz sampled; timed expiry untested.,Discovery interaction/DOM observation; superseded screenshot frames removed.,,,
35-quiz-active-mobile,student,active untimed quiz,https://project-xwrez.vercel.app/learn/zagazig-university-human-medicine-year-1-term-1-cohort/zagazig-university-human-medicine-y1-t1-anatomy/quiz/sample-attempt?lang=en,390,844,Evaluated stated visible state,Untimed fixed quiz sampled; timed expiry untested.,Discovery interaction/DOM observation; superseded screenshot frames removed.,,,
36-quiz-results-mobile,student,submitted quiz result,https://project-xwrez.vercel.app/learn/zagazig-university-human-medicine-year-1-term-1-cohort/zagazig-university-human-medicine-y1-t1-anatomy/quiz/sample-attempt/review?lang=en,390,844,Evaluated stated visible state,Untimed fixed quiz sampled; timed expiry untested.,Discovery interaction/DOM observation; superseded screenshot frames removed.,,,
37-quiz-results-desktop,student,quiz result desktop,https://project-xwrez.vercel.app/learn/zagazig-university-human-medicine-year-1-term-1-cohort/zagazig-university-human-medicine-y1-t1-anatomy/quiz/sample-attempt/review?lang=en,1440,900,Evaluated stated visible state,Untimed fixed quiz sampled; timed expiry untested.,Discovery interaction/DOM observation; superseded screenshot frames removed.,,,
38-account-desktop,student,account overview,https://project-xwrez.vercel.app/settings?lang=en,1440,900,Partially evaluated,Appearance and visible sections inspected; destructive/account actions unsubmitted.,Discovery interaction/DOM observation; superseded screenshot frames removed.,,,
39-account-dark,student,dark account,https://project-xwrez.vercel.app/settings?lang=en,1440,900,Partially evaluated,Appearance and visible sections inspected; destructive/account actions unsubmitted.,Discovery interaction/DOM observation; superseded screenshot frames removed.,,,
40-account-mobile-dark,student,dark account mobile,https://project-xwrez.vercel.app/settings?lang=en,390,844,Partially evaluated,Appearance and visible sections inspected; destructive/account actions unsubmitted.,Discovery interaction/DOM observation; superseded screenshot frames removed.,,,
41-account-mobile-ar-dark,student,Arabic dark account,https://project-xwrez.vercel.app/settings?lang=ar,390,844,Partially evaluated,Appearance and visible sections inspected; destructive/account actions unsubmitted.,Discovery interaction/DOM observation; superseded screenshot frames removed.,,,
42-studio-ar-dark,student,Arabic dark Studio,https://project-xwrez.vercel.app/learn/zagazig-university-human-medicine-year-1-term-1-cohort/zagazig-university-human-medicine-y1-t1-anatomy/studio?lang=ar,390,844,Evaluated stated visible state,Flashcards sampled; other generation types and real provider behavior untested.,Discovery interaction/DOM observation; superseded screenshot frames removed.,,,
43-chat-unavailable-mobile,student,unavailable information,https://project-xwrez.vercel.app/learn/zagazig-university-human-medicine-year-1-term-1-cohort/zagazig-university-human-medicine-y1-t1-anatomy/chat?lang=en,390,844,Evaluated stated visible state,Stated fixture state only; real service behavior and complete accessibility untested.,Discovery interaction/DOM observation; superseded screenshot frames removed.,,,
44-shelf-empty-search,student,no matching subjects,https://project-xwrez.vercel.app/learn?view=subjects&lang=en,390,844,Partially evaluated,Stated fixture state only; real service behavior and complete accessibility untested.,Discovery interaction/DOM observation; superseded screenshot frames removed.,,,
45-login-mobile,public,signed out login,https://project-xwrez.vercel.app/login?lang=en&status=signed_out,390,844,Evaluated stated visible state,"Synthetic entry only; real callbacks, external email and real policy reading untested.",Discovery interaction/DOM observation; superseded screenshot frames removed.,,,
46-leader-home-mobile,leader,uploads home,https://project-xwrez.vercel.app/batch-leader?lang=en,390,844,Evaluated stated visible state,Approved-reference fixture flow only; actual file transfer and durable correction untested.,Discovery interaction/DOM observation; superseded screenshot frames removed.,,,
47-leader-home-desktop,leader,uploads home desktop,https://project-xwrez.vercel.app/batch-leader?lang=en,1440,900,Evaluated stated visible state,Approved-reference fixture flow only; actual file transfer and durable correction untested.,Discovery interaction/DOM observation; superseded screenshot frames removed.,,,
48-campaign-desktop,leader,campaign intake,https://project-xwrez.vercel.app/batch-leader/campaigns/sample-campaign?lang=en,1440,900,Evaluated stated visible state,Approved-reference fixture flow only; actual file transfer and durable correction untested.,Discovery interaction/DOM observation; superseded screenshot frames removed.,,,
49-campaign-requests,leader,requested materials expanded,https://project-xwrez.vercel.app/batch-leader/campaigns/sample-campaign?lang=en,1440,900,Evaluated stated visible state,Approved-reference fixture flow only; actual file transfer and durable correction untested.,Discovery interaction/DOM observation; superseded screenshot frames removed.,,,
50-campaign-queue,leader,approved reference queued,https://project-xwrez.vercel.app/batch-leader/campaigns/sample-campaign?lang=en,1440,900,Evaluated stated visible state,Approved-reference fixture flow only; actual file transfer and durable correction untested.,Discovery interaction/DOM observation; superseded screenshot frames removed.,,,
51-campaign-laptop,leader,queue laptop,https://project-xwrez.vercel.app/batch-leader/campaigns/sample-campaign?lang=en,1280,800,Evaluated stated visible state,Approved-reference fixture flow only; actual file transfer and durable correction untested.,Discovery interaction/DOM observation; superseded screenshot frames removed.,,,
52-campaign-tablet,leader,queue tablet,https://project-xwrez.vercel.app/batch-leader/campaigns/sample-campaign?lang=en,768,1024,Evaluated stated visible state,Approved-reference fixture flow only; actual file transfer and durable correction untested.,Discovery interaction/DOM observation; superseded screenshot frames removed.,,,
53-campaign-mobile,leader,queue mobile,https://project-xwrez.vercel.app/batch-leader/campaigns/sample-campaign?lang=en,390,844,Evaluated stated visible state,Approved-reference fixture flow only; actual file transfer and durable correction untested.,Discovery interaction/DOM observation; superseded screenshot frames removed.,,,
54-intake-pending-mobile,leader,synthetic reference pending,https://project-xwrez.vercel.app/batch-leader/campaigns/sample-campaign?lang=en,390,844,Evaluated stated visible state,Approved-reference fixture flow only; actual file transfer and durable correction untested.,Discovery interaction/DOM observation; superseded screenshot frames removed.,,,
55-intake-received-mobile,leader,synthetic receipt,https://project-xwrez.vercel.app/batch-leader/campaigns/sample-campaign?lang=en,390,844,Evaluated stated visible state,Approved-reference fixture flow only; actual file transfer and durable correction untested.,Discovery interaction/DOM observation; superseded screenshot frames removed.,,,
56-leader-history-mobile,leader,submission history,https://project-xwrez.vercel.app/batch-leader?view=history&lang=en,390,844,Evaluated stated visible state,Approved-reference fixture flow only; actual file transfer and durable correction untested.,Discovery interaction/DOM observation; superseded screenshot frames removed.,,,
57-leader-history-desktop,leader,submission history desktop,https://project-xwrez.vercel.app/batch-leader?view=history&lang=en,1440,900,Evaluated stated visible state,Approved-reference fixture flow only; actual file transfer and durable correction untested.,Discovery interaction/DOM observation; superseded screenshot frames removed.,,,
58-leader-account,leader,role-specific account,https://project-xwrez.vercel.app/settings?lang=en,1440,900,Partially evaluated,Appearance and visible sections inspected; destructive/account actions unsubmitted.,Discovery interaction/DOM observation; superseded screenshot frames removed.,,,
59-admin-overview-desktop,admin,initial decisions queue,https://project-xwrez.vercel.app/admin?lang=en,1440,900,Evaluated stated visible state,"Final governed submission, real resource services and cross-account confirmation untested.",Discovery interaction/DOM observation; superseded screenshot frames removed.,,,
60-admin-confirmation,admin,review exact change unconfirmed,https://project-xwrez.vercel.app/admin?lang=en,1440,900,Evaluated stated visible state,"Final governed submission, real resource services and cross-account confirmation untested.",Discovery interaction/DOM observation; superseded screenshot frames removed.,,,
61-admin-laptop,admin,queue laptop,https://project-xwrez.vercel.app/admin?lang=en,1280,800,Evaluated stated visible state,"Final governed submission, real resource services and cross-account confirmation untested.",Discovery interaction/DOM observation; superseded screenshot frames removed.,,,
62-admin-tablet,admin,queue tablet,https://project-xwrez.vercel.app/admin?lang=en,768,1024,Evaluated stated visible state,"Final governed submission, real resource services and cross-account confirmation untested.",Discovery interaction/DOM observation; superseded screenshot frames removed.,,,
63-admin-mobile,admin,queue mobile,https://project-xwrez.vercel.app/admin?lang=en,390,844,Evaluated stated visible state,"Final governed submission, real resource services and cross-account confirmation untested.",Discovery interaction/DOM observation; superseded screenshot frames removed.,,,
64-admin-mobile-menu,admin,expanded admin menu,https://project-xwrez.vercel.app/admin?lang=en,390,844,Evaluated stated visible state,"Final governed submission, real resource services and cross-account confirmation untested.",Discovery interaction/DOM observation; superseded screenshot frames removed.,,,
65-admin-sources-mobile,admin,source lifecycle,https://project-xwrez.vercel.app/admin/sources?lang=en,390,844,Partially evaluated,"Final governed submission, real resource services and cross-account confirmation untested.",Discovery interaction/DOM observation; superseded screenshot frames removed.,,,
66-admin-sources-desktop,admin,sources summary,https://project-xwrez.vercel.app/admin/sources?lang=en,1440,900,Partially evaluated,"Final governed submission, real resource services and cross-account confirmation untested.",Discovery interaction/DOM observation; superseded screenshot frames removed.,,,
67-admin-campaigns,admin,campaign draft preparation,https://project-xwrez.vercel.app/admin/campaigns?lang=en,1440,900,Partially evaluated,"Final governed submission, real resource services and cross-account confirmation untested.",Discovery interaction/DOM observation; superseded screenshot frames removed.,,,
68-admin-catalog,admin,catalog configuration,https://project-xwrez.vercel.app/admin/catalog?lang=en,1440,900,Partially evaluated,"Final governed submission, real resource services and cross-account confirmation untested.",Discovery interaction/DOM observation; superseded screenshot frames removed.,,,
69-admin-cohorts,admin,cohort draft,https://project-xwrez.vercel.app/admin/cohorts?lang=en,1440,900,Partially evaluated,"Final governed submission, real resource services and cross-account confirmation untested.",Discovery interaction/DOM observation; superseded screenshot frames removed.,,,
70-admin-users,admin,assignment context,https://project-xwrez.vercel.app/admin/cohorts?view=users&lang=en,1440,900,Partially evaluated,"Final governed submission, real resource services and cross-account confirmation untested.",Discovery interaction/DOM observation; superseded screenshot frames removed.,,,
71-admin-jobs,admin,processing summary,https://project-xwrez.vercel.app/admin/jobs?lang=en,1440,900,Partially evaluated,"Final governed submission, real resource services and cross-account confirmation untested.",Discovery interaction/DOM observation; superseded screenshot frames removed.,,,
72-admin-quality,admin,quality summary,https://project-xwrez.vercel.app/admin/quality?lang=en,1440,900,Partially evaluated,"Final governed submission, real resource services and cross-account confirmation untested.",Discovery interaction/DOM observation; superseded screenshot frames removed.,,,
73-admin-usage,admin,usage capacity summary,https://project-xwrez.vercel.app/admin/usage?lang=en,1440,900,Partially evaluated,"Final governed submission, real resource services and cross-account confirmation untested.",Discovery interaction/DOM observation; superseded screenshot frames removed.,,,
74-admin-incidents,admin,incident summary,https://project-xwrez.vercel.app/admin/incidents?lang=en,1440,900,Partially evaluated,"Final governed submission, real resource services and cross-account confirmation untested.",Discovery interaction/DOM observation; superseded screenshot frames removed.,,,
75-capacity-preview,admin,attempted capacity preview; normal chat rendered,https://project-xwrez.vercel.app/learn/zagazig-university-human-medicine-year-1-term-1-cohort/zagazig-university-human-medicine-y1-t1-anatomy/chat?fixture=capacity&lang=en,1440,900,Evaluated stated visible state,Stated fixture state only; real service behavior and complete accessibility untested.,"Capacity preview link opened normal chat; sending returned Supported, not a capacity state. Capacity error NOT observed. Discovery interaction/DOM observation; superseded screenshot frames removed.",,,
76-capacity-feedback,admin,attempted capacity preview; normal chat rendered,https://project-xwrez.vercel.app/learn/zagazig-university-human-medicine-year-1-term-1-cohort/zagazig-university-human-medicine-y1-t1-anatomy/chat?fixture=capacity&lang=en,1440,900,Evaluated stated visible state,Stated fixture state only; real service behavior and complete accessibility untested.,"Capacity preview link opened normal chat; sending returned Supported, not a capacity state. Capacity error NOT observed. Discovery interaction/DOM observation; superseded screenshot frames removed.",,,
77-admin-account,admin,admin account,https://project-xwrez.vercel.app/settings?lang=en,1440,900,Partially evaluated,Appearance and visible sections inspected; destructive/account actions unsubmitted.,Discovery interaction/DOM observation; superseded screenshot frames removed.,,,
78-admin-dark,admin,dark decisions,https://project-xwrez.vercel.app/admin?lang=en,1440,900,Evaluated stated visible state,"Final governed submission, real resource services and cross-account confirmation untested.",Discovery interaction/DOM observation; superseded screenshot frames removed.,,,
79-admin-ar-mobile-dark,admin,Arabic dark decisions,https://project-xwrez.vercel.app/admin?lang=ar,390,844,Evaluated stated visible state,"Final governed submission, real resource services and cross-account confirmation untested.",Discovery interaction/DOM observation; superseded screenshot frames removed.,,,
80-admin-blocked-ar,admin,blocked publication,https://project-xwrez.vercel.app/admin?lang=ar,390,844,Evaluated stated visible state,"Final governed submission, real resource services and cross-account confirmation untested.",Discovery interaction/DOM observation; superseded screenshot frames removed.,,,
81-second-admin-mobile,second-admin,independent initial decisions,https://project-xwrez.vercel.app/admin?lang=en,390,844,Evaluated stated visible state,"Final governed submission, real resource services and cross-account confirmation untested.",Discovery interaction/DOM observation; superseded screenshot frames removed.,,,
82-second-admin-desktop,second-admin,independent desktop decisions,https://project-xwrez.vercel.app/admin?lang=en,1440,900,Evaluated stated visible state,"Final governed submission, real resource services and cross-account confirmation untested.",Discovery interaction/DOM observation; superseded screenshot frames removed.,,,
83-second-admin-blocked,second-admin,blocked publication details,https://project-xwrez.vercel.app/admin?lang=en,1440,900,Evaluated stated visible state,"Final governed submission, real resource services and cross-account confirmation untested.",Discovery interaction/DOM observation; superseded screenshot frames removed.,,,
84-second-admin-sources,second-admin,independent sources summary,https://project-xwrez.vercel.app/admin/sources?lang=en,1440,900,Partially evaluated,"Final governed submission, real resource services and cross-account confirmation untested.",Discovery interaction/DOM observation; superseded screenshot frames removed.,,,
85-second-admin-campaign-draft,second-admin,synthetic campaign draft feedback,https://project-xwrez.vercel.app/admin/campaigns?lang=en,1440,900,Partially evaluated,"Final governed submission, real resource services and cross-account confirmation untested.",DOM evaluated; screenshot omitted because the synthetic recipient identifier is displayed. Discovery interaction/DOM observation; superseded screenshot frames removed.,,,
86-second-admin-catalog,second-admin,independent catalog,https://project-xwrez.vercel.app/admin/catalog?lang=en,1440,900,Partially evaluated,"Final governed submission, real resource services and cross-account confirmation untested.",Discovery interaction/DOM observation; superseded screenshot frames removed.,,,
87-second-admin-cohorts,second-admin,independent cohort configuration,https://project-xwrez.vercel.app/admin/cohorts?lang=en,1440,900,Partially evaluated,"Final governed submission, real resource services and cross-account confirmation untested.",Discovery interaction/DOM observation; superseded screenshot frames removed.,,,
88-second-admin-users,second-admin,independent users context,https://project-xwrez.vercel.app/admin/cohorts?view=users&lang=en,1440,900,Partially evaluated,"Final governed submission, real resource services and cross-account confirmation untested.",Discovery interaction/DOM observation; superseded screenshot frames removed.,,,
89-second-admin-jobs,second-admin,independent jobs summary,https://project-xwrez.vercel.app/admin/jobs?lang=en,1440,900,Partially evaluated,"Final governed submission, real resource services and cross-account confirmation untested.",Discovery interaction/DOM observation; superseded screenshot frames removed.,,,
90-second-admin-quality,second-admin,independent quality summary,https://project-xwrez.vercel.app/admin/quality?lang=en,1440,900,Partially evaluated,"Final governed submission, real resource services and cross-account confirmation untested.",Discovery interaction/DOM observation; superseded screenshot frames removed.,,,
91-second-admin-usage,second-admin,independent usage summary,https://project-xwrez.vercel.app/admin/usage?lang=en,1440,900,Partially evaluated,"Final governed submission, real resource services and cross-account confirmation untested.",Discovery interaction/DOM observation; superseded screenshot frames removed.,,,
92-second-admin-incidents,second-admin,independent incident summary,https://project-xwrez.vercel.app/admin/incidents?lang=en,1440,900,Partially evaluated,"Final governed submission, real resource services and cross-account confirmation untested.",Discovery interaction/DOM observation; superseded screenshot frames removed.,,,
93-second-admin-account,second-admin,independent account,https://project-xwrez.vercel.app/settings?lang=en,1440,900,Partially evaluated,Appearance and visible sections inspected; destructive/account actions unsubmitted.,Discovery interaction/DOM observation; superseded screenshot frames removed.,,,
94-login-tablet,public,login tablet,https://project-xwrez.vercel.app/login?lang=en&status=signed_out,768,1024,Evaluated stated visible state,"Synthetic entry only; real callbacks, external email and real policy reading untested.",Discovery interaction/DOM observation; superseded screenshot frames removed.,,,
95-forgot-tablet,public,recovery form unsubmitted,https://project-xwrez.vercel.app/forgot-password?lang=en,768,1024,Partially evaluated,"Synthetic entry only; real callbacks, external email and real policy reading untested.",Discovery interaction/DOM observation; superseded screenshot frames removed.,,,
p01-recovery-tablet,public,recovery form,https://project-xwrez.vercel.app/forgot-password?lang=en,768,1024,Partially evaluated,"Synthetic entry only; real callbacks, external email and real policy reading untested.",,screenshots/p01-recovery-tablet.jpg,768,1024
p02-not-found,public,public 404,https://project-xwrez.vercel.app/design-review-missing-page,768,1024,Evaluated stated visible state,Stated public state only; lower-page or unrecorded states are not complete coverage.,,screenshots/p02-not-found.jpg,758,1011
p03-landing-tablet,public,landing tablet,https://project-xwrez.vercel.app/,768,1024,Evaluated stated visible state,Stated public state only; lower-page or unrecorded states are not complete coverage.,,screenshots/p03-landing-tablet.jpg,758,1011
p04-landing-laptop,Public,Landing hero; corrected settled laptop capture,https://project-xwrez.vercel.app/,1280,800,Evaluated stated visible state,Stated public state only; lower-page or unrecorded states are not complete coverage.,Replaces previous-viewport frame.,screenshots/p04-landing-laptop.jpg,1270,794
p05-landing-desktop,public,landing desktop,https://project-xwrez.vercel.app/,1440,900,Evaluated stated visible state,Stated public state only; lower-page or unrecorded states are not complete coverage.,,screenshots/p05-landing-desktop.jpg,1430,894
p06-landing-mobile,public,landing mobile settled,https://project-xwrez.vercel.app/,390,844,Evaluated stated visible state,Stated public state only; lower-page or unrecorded states are not complete coverage.,,screenshots/p06-landing-mobile.jpg,380,822
p07-login-mobile-dark,public,dark login mobile,https://project-xwrez.vercel.app/login?lang=en,390,844,Evaluated stated visible state,"Synthetic entry only; real callbacks, external email and real policy reading untested.",,screenshots/p07-login-mobile-dark.jpg,390,844
p08-consent-mobile,Student,Consent,https://project-xwrez.vercel.app/consent?lang=en,390,844,Evaluated stated visible state,"Synthetic entry only; real callbacks, external email and real policy reading untested.",,screenshots/p08-consent-mobile.jpg,390,844
p09-setup-mobile,Student,Academic setup,https://project-xwrez.vercel.app/learn?lang=en,390,844,Evaluated stated visible state,Stated fixture state only; real service behavior and complete accessibility untested.,,screenshots/p09-setup-mobile.jpg,380,822
p10-shelf-mobile,Student,Configured shelf,https://project-xwrez.vercel.app/learn?lang=en,390,844,Evaluated stated visible state,Stated fixture state only; real service behavior and complete accessibility untested.,,screenshots/p10-shelf-mobile.jpg,380,822
p11-shelf-desktop-dark,Student,Configured shelf,https://project-xwrez.vercel.app/learn?lang=en,1440,900,Evaluated stated visible state,Stated fixture state only; real service behavior and complete accessibility untested.,,screenshots/p11-shelf-desktop-dark.jpg,1430,894
p12-account-desktop-dark,Student,Account appearance and settings,https://project-xwrez.vercel.app/settings?lang=en,1440,900,Partially evaluated,Appearance and visible sections inspected; destructive/account actions unsubmitted.,,screenshots/p12-account-desktop-dark.jpg,1430,894
p13-shelf-desktop-light,Student,Configured shelf,https://project-xwrez.vercel.app/learn?lang=en,1440,900,Evaluated stated visible state,Stated fixture state only; real service behavior and complete accessibility untested.,,screenshots/p13-shelf-desktop-light.jpg,1430,894
p14-materials-desktop,Student,Materials,https://project-xwrez.vercel.app/learn/zagazig-university-human-medicine-year-1-term-1-cohort/zagazig-university-human-medicine-y1-t1-anatomy?lang=en,1440,900,Evaluated stated visible state,Stated fixture state only; real service behavior and complete accessibility untested.,,screenshots/p14-materials-desktop.jpg,1430,894
p15-chat-empty-desktop,Student,Chat empty,https://project-xwrez.vercel.app/learn/zagazig-university-human-medicine-year-1-term-1-cohort/zagazig-university-human-medicine-y1-t1-anatomy/chat?lang=en,1440,900,Evaluated stated visible state,Stated fixture state only; real service behavior and complete accessibility untested.,,screenshots/p15-chat-empty-desktop.jpg,1430,894
p16-chat-empty-mobile,Student,Chat empty,https://project-xwrez.vercel.app/learn/zagazig-university-human-medicine-year-1-term-1-cohort/zagazig-university-human-medicine-y1-t1-anatomy/chat?lang=en,390,844,Evaluated stated visible state,Stated fixture state only; real service behavior and complete accessibility untested.,,screenshots/p16-chat-empty-mobile.jpg,380,822
p17-chat-supported-mobile,Student,Supported answer,https://project-xwrez.vercel.app/learn/zagazig-university-human-medicine-year-1-term-1-cohort/zagazig-university-human-medicine-y1-t1-anatomy/chat?lang=en,390,844,Evaluated stated visible state,Stated fixture state only; real service behavior and complete accessibility untested.,,screenshots/p17-chat-supported-mobile.jpg,380,822
p18-evidence-mobile,Student,Exact answer evidence,https://project-xwrez.vercel.app/learn/zagazig-university-human-medicine-year-1-term-1-cohort/zagazig-university-human-medicine-y1-t1-anatomy/evidence?lang=en,390,844,Evaluated stated visible state,Stated fixture state only; real service behavior and complete accessibility untested.,,screenshots/p18-evidence-mobile.jpg,380,822
p19-studio-desktop,Student,Studio configuration,https://project-xwrez.vercel.app/learn/zagazig-university-human-medicine-year-1-term-1-cohort/zagazig-university-human-medicine-y1-t1-anatomy/studio?lang=en,1440,900,Evaluated stated visible state,Flashcards sampled; other generation types and real provider behavior untested.,,screenshots/p19-studio-desktop.jpg,1430,894
p20-studio-laptop,Student,Studio configuration,https://project-xwrez.vercel.app/learn/zagazig-university-human-medicine-year-1-term-1-cohort/zagazig-university-human-medicine-y1-t1-anatomy/studio?lang=en,1280,800,Evaluated stated visible state,Flashcards sampled; other generation types and real provider behavior untested.,,screenshots/p20-studio-laptop.jpg,1270,794
p21-studio-tablet,Student,Studio configuration,https://project-xwrez.vercel.app/learn/zagazig-university-human-medicine-year-1-term-1-cohort/zagazig-university-human-medicine-y1-t1-anatomy/studio?lang=en,768,1024,Evaluated stated visible state,Flashcards sampled; other generation types and real provider behavior untested.,,screenshots/p21-studio-tablet.jpg,758,1011
p22-studio-mobile,Student,Studio configuration,https://project-xwrez.vercel.app/learn/zagazig-university-human-medicine-year-1-term-1-cohort/zagazig-university-human-medicine-y1-t1-anatomy/studio?lang=en,390,844,Evaluated stated visible state,Flashcards sampled; other generation types and real provider behavior untested.,,screenshots/p22-studio-mobile.jpg,380,822
p23-flashcard-mobile,Student,Generated flashcards,https://project-xwrez.vercel.app/learn/zagazig-university-human-medicine-year-1-term-1-cohort/zagazig-university-human-medicine-y1-t1-anatomy/studio?lang=en,390,844,Evaluated stated visible state,Flashcards sampled; other generation types and real provider behavior untested.,,screenshots/p23-flashcard-mobile.jpg,380,822
p24-quiz-start-mobile,Student,Quiz setup,https://project-xwrez.vercel.app/learn/zagazig-university-human-medicine-year-1-term-1-cohort/zagazig-university-human-medicine-y1-t1-anatomy/quiz?lang=en,390,844,Evaluated stated visible state,Untimed fixed quiz sampled; timed expiry untested.,,screenshots/p24-quiz-start-mobile.jpg,390,844
p25-quiz-attempt-mobile,Student,Untimed attempt,https://project-xwrez.vercel.app/learn/zagazig-university-human-medicine-year-1-term-1-cohort/zagazig-university-human-medicine-y1-t1-anatomy/quiz/sample-attempt?lang=en,390,844,Evaluated stated visible state,Untimed fixed quiz sampled; timed expiry untested.,,screenshots/p25-quiz-attempt-mobile.jpg,380,822
p26-quiz-review-mobile,Student,Grounded quiz review,https://project-xwrez.vercel.app/learn/zagazig-university-human-medicine-year-1-term-1-cohort/zagazig-university-human-medicine-y1-t1-anatomy/quiz/sample-attempt/review?lang=en,390,844,Evaluated stated visible state,Untimed fixed quiz sampled; timed expiry untested.,,screenshots/p26-quiz-review-mobile.jpg,380,822
p27-report-mobile,Student,Report form; unsubmitted,https://project-xwrez.vercel.app/learn/zagazig-university-human-medicine-year-1-term-1-cohort/zagazig-university-human-medicine-y1-t1-anatomy/report?lang=en,390,844,Partially evaluated,Visible form and confirmation inspected; no report submitted.,,screenshots/p27-report-mobile.jpg,380,822
p28-account-mobile,Student,Account,https://project-xwrez.vercel.app/settings?lang=en,390,844,Partially evaluated,Appearance and visible sections inspected; destructive/account actions unsubmitted.,,screenshots/p28-account-mobile.jpg,380,822
p29-leader-home-desktop,Batch Leader,Assigned campaigns,https://project-xwrez.vercel.app/batch-leader?lang=en,1440,900,Evaluated stated visible state,Approved-reference fixture flow only; actual file transfer and durable correction untested.,,screenshots/p29-leader-home-desktop.jpg,1440,900
p30-campaign-desktop,Batch Leader,Campaign intake,https://project-xwrez.vercel.app/batch-leader/campaigns/sample-campaign?lang=en,1440,900,Evaluated stated visible state,Approved-reference fixture flow only; actual file transfer and durable correction untested.,,screenshots/p30-campaign-desktop.jpg,1430,894
p31-campaign-laptop,Batch Leader,Campaign intake,https://project-xwrez.vercel.app/batch-leader/campaigns/sample-campaign?lang=en,1280,800,Evaluated stated visible state,Approved-reference fixture flow only; actual file transfer and durable correction untested.,,screenshots/p31-campaign-laptop.jpg,1270,794
p32-campaign-tablet,Batch Leader,Campaign intake,https://project-xwrez.vercel.app/batch-leader/campaigns/sample-campaign?lang=en,768,1024,Evaluated stated visible state,Approved-reference fixture flow only; actual file transfer and durable correction untested.,,screenshots/p32-campaign-tablet.jpg,758,1011
p33-campaign-mobile,Batch Leader,Campaign intake,https://project-xwrez.vercel.app/batch-leader/campaigns/sample-campaign?lang=en,390,844,Evaluated stated visible state,Approved-reference fixture flow only; actual file transfer and durable correction untested.,,screenshots/p33-campaign-mobile.jpg,380,822
p34-campaign-queue-mobile,Batch Leader,Approved reference queued; not submitted in recapture,https://project-xwrez.vercel.app/batch-leader/campaigns/sample-campaign?lang=en,390,844,Evaluated stated visible state,Approved-reference fixture flow only; actual file transfer and durable correction untested.,,screenshots/p34-campaign-queue-mobile.jpg,380,822
p35-leader-history-mobile,Batch Leader,Latest submissions history,https://project-xwrez.vercel.app/batch-leader?view=history&lang=en,390,844,Evaluated stated visible state,Approved-reference fixture flow only; actual file transfer and durable correction untested.,,screenshots/p35-leader-history-mobile.jpg,380,822
p36-leader-account-mobile,Batch Leader,Account with exchange-sharing controls,https://project-xwrez.vercel.app/settings?lang=en,390,844,Partially evaluated,Appearance and visible sections inspected; destructive/account actions unsubmitted.,,screenshots/p36-leader-account-mobile.jpg,380,822
p37-admin-desktop,Admin,Independent initial decision queue,https://project-xwrez.vercel.app/admin?lang=en,1440,900,Evaluated stated visible state,"Final governed submission, real resource services and cross-account confirmation untested.",,screenshots/p37-admin-desktop.jpg,1430,894
p38-admin-confirmation,Admin,Exact-change review; unsubmitted,https://project-xwrez.vercel.app/admin?lang=en,1440,900,Evaluated stated visible state,"Final governed submission, real resource services and cross-account confirmation untested.",Focus lands on Submit this action.,screenshots/p38-admin-confirmation.jpg,1430,894
p39-admin-laptop,Admin,Decision queue,https://project-xwrez.vercel.app/admin?lang=en,1280,800,Evaluated stated visible state,"Final governed submission, real resource services and cross-account confirmation untested.",Settled frame captures a scrolled queue/detail state; it is not a top-of-page composition screenshot.,screenshots/p39-admin-laptop.jpg,1270,794
p40-admin-tablet,Admin,Decision queue,https://project-xwrez.vercel.app/admin?lang=en,768,1024,Evaluated stated visible state,"Final governed submission, real resource services and cross-account confirmation untested.",Settled frame captures a scrolled queue/detail state; it is not a top-of-page composition screenshot.,screenshots/p40-admin-tablet.jpg,758,1011
p41-admin-mobile,Admin,Decision queue,https://project-xwrez.vercel.app/admin?lang=en,390,844,Evaluated stated visible state,"Final governed submission, real resource services and cross-account confirmation untested.",Settled frame captures a scrolled queue/detail state; it is not a top-of-page composition screenshot.,screenshots/p41-admin-mobile.jpg,380,822
p42-admin-menu-mobile,Admin,Menu expanded,https://project-xwrez.vercel.app/admin?lang=en,390,844,Evaluated stated visible state,"Final governed submission, real resource services and cross-account confirmation untested.",,screenshots/p42-admin-menu-mobile.jpg,380,822
p43-admin-sources-mobile,Admin,Source lifecycle summary,https://project-xwrez.vercel.app/admin/sources?lang=en,390,844,Partially evaluated,"Final governed submission, real resource services and cross-account confirmation untested.",,screenshots/p43-admin-sources-mobile.jpg,380,822
p44-admin-catalog,Admin,Catalog configuration; unsubmitted,https://project-xwrez.vercel.app/admin/catalog?lang=en,1440,900,Partially evaluated,"Final governed submission, real resource services and cross-account confirmation untested.",,screenshots/p44-admin-catalog.jpg,1440,900
p45-admin-cohorts,Admin,Cohort draft; unsubmitted,https://project-xwrez.vercel.app/admin/cohorts?lang=en,1440,900,Partially evaluated,"Final governed submission, real resource services and cross-account confirmation untested.",,screenshots/p45-admin-cohorts.jpg,1440,900
p46-admin-users,Admin,Users destination showing access context,https://project-xwrez.vercel.app/admin/cohorts?view=users&lang=en,1440,900,Partially evaluated,"Final governed submission, real resource services and cross-account confirmation untested.",,screenshots/p46-admin-users.jpg,1440,900
p47-admin-jobs,Admin,Processing summary,https://project-xwrez.vercel.app/admin/jobs?lang=en,1440,900,Partially evaluated,"Final governed submission, real resource services and cross-account confirmation untested.",,screenshots/p47-admin-jobs.jpg,1440,900
p48-admin-quality,Admin,Quality summary,https://project-xwrez.vercel.app/admin/quality?lang=en,1440,900,Partially evaluated,"Final governed submission, real resource services and cross-account confirmation untested.",,screenshots/p48-admin-quality.jpg,1440,900
p49-admin-usage,Admin,Usage summary,https://project-xwrez.vercel.app/admin/usage?lang=en,1440,900,Partially evaluated,"Final governed submission, real resource services and cross-account confirmation untested.",,screenshots/p49-admin-usage.jpg,1440,900
p50-admin-incidents,Admin,Incident summary,https://project-xwrez.vercel.app/admin/incidents?lang=en,1440,900,Partially evaluated,"Final governed submission, real resource services and cross-account confirmation untested.",,screenshots/p50-admin-incidents.jpg,1440,900
p51-admin-account,Admin,Account,https://project-xwrez.vercel.app/settings?lang=en,1440,900,Partially evaluated,Appearance and visible sections inspected; destructive/account actions unsubmitted.,,screenshots/p51-admin-account.jpg,1430,894
p52-admin-account-ar-dark,Admin,Arabic dark Account,https://project-xwrez.vercel.app/settings?lang=ar,390,844,Partially evaluated,Appearance and visible sections inspected; destructive/account actions unsubmitted.,,screenshots/p52-admin-account-ar-dark.jpg,380,822
p53-admin-mobile-ar-dark,Admin,Arabic dark decision queue,https://project-xwrez.vercel.app/admin?lang=ar,390,844,Evaluated stated visible state,"Final governed submission, real resource services and cross-account confirmation untested.",,screenshots/p53-admin-mobile-ar-dark.jpg,380,822
p54-second-admin-desktop,Second Admin,Fresh independent decision queue,https://project-xwrez.vercel.app/admin?lang=en,1440,900,Evaluated stated visible state,"Final governed submission, real resource services and cross-account confirmation untested.","Same initial twelve candidates, verified after independent sign-in.",screenshots/p54-second-admin-desktop.jpg,1430,894
p55-second-admin-account,Second Admin,Independent Account,https://project-xwrez.vercel.app/settings?lang=en,1440,900,Partially evaluated,Appearance and visible sections inspected; destructive/account actions unsubmitted.,,screenshots/p55-second-admin-account.jpg,1430,894
p56-register-desktop,Public,Registration unsubmitted,https://project-xwrez.vercel.app/register?lang=en&next=%2Flearn,1440,900,Partially evaluated,"Synthetic entry only; real callbacks, external email and real policy reading untested.",,screenshots/p56-register-desktop.jpg,1430,894
p57-register-validation,Public,Empty submission field errors,https://project-xwrez.vercel.app/register?lang=en&next=%2Flearn,1440,900,Partially evaluated,"Synthetic entry only; real callbacks, external email and real policy reading untested.",,screenshots/p57-register-validation.jpg,1430,894
p58-public-workspace-laptop,Public,Public sample workspace,https://project-xwrez.vercel.app/#workspace,1280,800,Evaluated stated visible state,Stated public state only; lower-page or unrecorded states are not complete coverage.,,screenshots/p58-public-workspace-laptop.jpg,1270,794
p59-public-how-it-works-laptop,Public,How it works and final CTA,https://project-xwrez.vercel.app/#how-it-works,1280,720,Evaluated stated visible state,Stated public state only; lower-page or unrecorded states are not complete coverage.,Additional 1280x720 viewport after browser recovery. How-it-works visible; final CTA only partially in frame.,screenshots/p59-public-how-it-works-laptop.jpg,1270,714
